<?xml version="1.0"?>
<openerp>
  <data>

    <record id="product_template_form_view" model="ir.ui.view">
      <field name="name">product.template.form.inherit</field>
      <field name="model">product.template</field>
      <field name="priority">5</field>
      <field name="inherit_id" ref="product.product_template_form_view"/>
      <field name="arch" type="xml">
        <xpath expr="//page[@string='Sales']" postion="after">
          <page string="Derivatives" attrs="{'invisible':[('derivative_ids','=',[])]}">
            <field name="herb_e" invisible="1"/>
            <field name="base_product_id" invisible="1"/>
            <field name="derivative_ids">
              <tree>
                <field name="name"/>
                <field name="pos_categ_id"/>
                <field name="list_price"/>
                <field name="route_ids"/>
                <field name="sale_ok" string="Can be Sold"/>
                <field name="website_published" string="Published"/>
                <field name="available_in_pos" string="Available in PoS"/>
              </tree>
            </field>
          </page>
        </xpath>

        <header position="inside">
          <button string="Edit in Wizard" type="object" name="edit_in_wizard" attrs="{'invisible': [('herb_e', '=', False),('base_product_id','=',False)]}"/>
        </header>
      </field>
    </record>

    <record id="product_pos_category_form_view" model="ir.ui.view">
      <field name="name">pos.category.form</field>
      <field name="model">pos.category</field>
      <field name="inherit_id" ref="point_of_sale.product_pos_category_form_view"/>
      <field name="arch" type="xml">
        <field name="sequence" position="after">
          <field name="product_category"/>
        </field>
      </field>
    </record>

    <record id="product.product_template_action" model="ir.actions.act_window">
      <field name="name">Products</field>
      <field name="type">ir.actions.act_window</field>
      <field name="res_model">product.template</field>
      <field name="view_mode">tree,kanban,form</field>
      <field name="view_type">form</field>
      <field name="view_id" ref=""/>
        <field name="domain">[('herb_e','=',True)]</field>
      <field name="context">{"search_default_filter_to_sell":1, 'search_default_grp_category':1}</field>
    </record>

    <record id="product_template_search_view" model="ir.ui.view">
      <field name="name">product.template.search.form</field>
      <field name="model">product.template</field>
      <field name="inherit_id" ref="product.product_template_search_view"/>
      <field name="arch" type="xml">
        <field name="pricelist_id" position="after">
          <filter name="grp_category" string="Category" context="{'group_by': 'pos_categ_id'}"/>
        </field>
      </field>
    </record>


    <!--Remove Create New Product Option    -->
    <template id="website_sale.content_new_product" inherit_id="website.user_navbar" groups="base.group_sale_manager">
      <xpath expr="//ul[@id='oe_systray']/li/ul[@class='dropdown-menu oe_content_menu']" position="inside">
        <li/>
      </xpath>
    </template>


    <record id="product_product_view_form_easy_inherit_stock_herb" model="ir.ui.view">
            <field name="name">product.product.view.form.easy.inherit.stock.herb</field>
            <field name="model">product.product</field>
            <field name="inherit_id" ref="stock.product_product_view_form_easy_inherit_stock"/>
            <field name="arch" type="xml">
                <xpath expr="//button[@name='%(stock.act_make_procurement)d']" position="replace"/>
            </field>
        </record>

        <record model="ir.ui.view" id="product_form_view_procurement_button_herb">
            <field name="name">product.product.procurement.herb</field>
            <field name="model">product.product</field>
            <field name="inherit_id" ref="stock.product_form_view_procurement_button"/>
            <field name="arch" type="xml">
                <xpath expr="//button[@name='%(stock.act_make_procurement)d']" position="replace"/>
            </field>
        </record>

        <record model="ir.ui.view" id="product_template_form_view_procurement_button_herb">
            <field name="name">product.template_procurement.herb</field>
            <field name="model">product.template</field>
            <field name="inherit_id" ref="stock.product_template_form_view_procurement_button"/>
            <field name="arch" type="xml">
                <xpath expr="//button[@name='%(stock.act_make_procurement)d']" position="replace"/>
            </field>
        </record>

      <record id="point_of_sale.product_template_action" model="ir.actions.act_window">
            <field name="name">Products</field>
            <field name="type">ir.actions.act_window</field>
            <field name="res_model">product.template</field>
            <field name="view_type">form</field>
            <field name="view_mode">tree,form,kanban</field>
            <field name="context" eval="{}"/>
            <field name="domain" eval="[('available_in_pos','&lt;&gt;',False),('herb_e','=',True)]"/>
            <field name="search_view_id" eval="False"/> <!-- Force empty -->
            <field name="view_id" eval="False"/> <!-- Force empty -->
            <field name="help" type="html">
              <p class="oe_view_nocontent_create">
                Click to add a new product.
              </p><p>
                You must define a product for everything you sell through
                the point of sale interface.
              </p><p>
                Do not forget to set the price and the point of sale category
                in which it should appear. If a product has no point of sale
                category, you can not sell it through the point of sale
                interface.
              </p>
            </field>
        </record>

  </data>
</openerp>
    
    